<?xml version="1.0" encoding="UTF-8"?>
<project-private xmlns="http://www.netbeans.org/ns/project-private/1">
    <editor-bookmarks xmlns="http://www.netbeans.org/ns/editor-bookmarks/2" lastBookmarkId="0"/>
    <open-files xmlns="http://www.netbeans.org/ns/projectui-open-files/2">
        <group>
            <file>file:/C:/Users/ferna/MPLABXProjects/P18_7Segmentos_4D.X/Versiones/P18_7Segmentos_4D_V0/P18_7Segmentos_4D.X/Display_Manager.asm</file>
            <file>file:/C:/Users/ferna/MPLABXProjects/P18_7Segmentos_4D.X/Versiones/P18_7Segmentos_4D_V0/P18_7Segmentos_4D.X/Main_File.asm</file>
            <file>file:/C:/Users/ferna/MPLABXProjects/P18_7Segmentos_4D.X/Versiones/P18_7Segmentos_4D_V0/P18_7Segmentos_4D.X/Button_Manager.asm</file>
        </group>
    </open-files>
</project-private>
