<?xml version="1.0" encoding="UTF-8"?>
<project-private xmlns="http://www.netbeans.org/ns/project-private/1">
    <editor-bookmarks xmlns="http://www.netbeans.org/ns/editor-bookmarks/2" lastBookmarkId="0"/>
    <open-files xmlns="http://www.netbeans.org/ns/projectui-open-files/2">
        <group>
            <file>file:/C:/Users/ferna/MPLABXProjects/LAB_7_AVR.X/Versiones/LAB_7_AVR_V2/LAB_7_AVR.X/Buzzer.c</file>
            <file>file:/C:/Users/ferna/MPLABXProjects/LAB_7_AVR.X/Versiones/LAB_7_AVR_V2/LAB_7_AVR.X/LAB_7_AVR_MAIN.c</file>
            <file>file:/C:/Users/ferna/MPLABXProjects/LAB_7_AVR.X/Versiones/LAB_7_AVR_V2/LAB_7_AVR.X/Birthdate.c</file>
            <file>file:/C:/Users/ferna/MPLABXProjects/LAB_7_AVR.X/Versiones/LAB_7_AVR_V2/LAB_7_AVR.X/UART.c</file>
        </group>
    </open-files>
</project-private>
