<?xml version="1.0" encoding="UTF-8"?>
<project-private xmlns="http://www.netbeans.org/ns/project-private/1">
    <editor-bookmarks xmlns="http://www.netbeans.org/ns/editor-bookmarks/2" lastBookmarkId="0"/>
    <open-files xmlns="http://www.netbeans.org/ns/projectui-open-files/2">
        <group>
            <file>file:/C:/Users/ferna/MPLABXProjects/Parcial_1_Uart/Parcial_1_P16F88.X/Versiones/Parcial_1_P16F88_V0/Parcial_1_P16F88.X/Uart_Protocol.asm</file>
            <file>file:/C:/Users/ferna/MPLABXProjects/Parcial_1_Uart/Parcial_1_P16F88.X/Versiones/Parcial_1_P16F88_V0/Parcial_1_P16F88.X/Main.asm</file>
            <file>file:/C:/Users/ferna/MPLABXProjects/Parcial_1_Uart/Parcial_1_P16F88.X/Versiones/Parcial_1_P16F88_V0/Parcial_1_P16F88.X/CMD_Protocol.inc</file>
            <file>file:/C:/Users/ferna/MPLABXProjects/Parcial_1_Uart/Parcial_1_P16F88.X/Versiones/Parcial_1_P16F88_V0/Parcial_1_P16F88.X/CMD_Protocol.asm</file>
            <file>file:/C:/Users/ferna/MPLABXProjects/Parcial_1_Uart/Parcial_1_P16F88.X/Versiones/Parcial_1_P16F88_V0/Parcial_1_P16F88.X/Delays_Manager.asm</file>
            <file>file:/C:/Users/ferna/MPLABXProjects/Parcial_1_Uart/Parcial_1_P16F88.X/Versiones/Parcial_1_P16F88_V0/Parcial_1_P16F88.X/Set_Up_System.asm</file>
            <file>file:/C:/Users/ferna/MPLABXProjects/Parcial_1_Uart/Parcial_1_P16F88.X/Versiones/Parcial_1_P16F88_V0/Parcial_1_P16F88.X/Delays_Manager.inc</file>
            <file>file:/C:/Users/ferna/MPLABXProjects/Parcial_1_Uart/Parcial_1_P16F88.X/Versiones/Parcial_1_P16F88_V0/Parcial_1_P16F88.X/Device_Manager.inc</file>
            <file>file:/C:/Users/ferna/MPLABXProjects/Parcial_1_Uart/Parcial_1_P16F88.X/Versiones/Parcial_1_P16F88_V0/Parcial_1_P16F88.X/Main.inc</file>
            <file>file:/C:/Users/ferna/MPLABXProjects/Parcial_1_Uart/Parcial_1_P16F88.X/Versiones/Parcial_1_P16F88_V0/Parcial_1_P16F88.X/Set_Up_System.inc</file>
            <file>file:/C:/Users/ferna/MPLABXProjects/Parcial_1_Uart/Parcial_1_P16F88.X/Versiones/Parcial_1_P16F88_V0/Parcial_1_P16F88.X/Uart_Protocol.inc</file>
        </group>
    </open-files>
</project-private>
